{"actions":[],"apps":[{"acl":{"app":[],"field":[],"record":[]},"app":null,"category":{"categories":[],"useCategory":"false"},"form":{"layout":"[{\"id\":null,\"type\":\"ROW\",\"isSubTable\":false,\"var\":null,\"controlList\":[{\"isVirtical\":true,\"styleMap\":{\"width\":196},\"type\":\"DATETIME\",\"var\":\"date\",\"label\":\"date\"},{\"isVirtical\":true,\"styleMap\":{\"width\":193},\"type\":\"SINGLE_LINE_TEXT\",\"var\":\"label\",\"label\":\"label\"}]},{\"id\":null,\"type\":\"ROW\",\"isSubTable\":false,\"var\":null,\"controlList\":[{\"isVirtical\":true,\"styleMap\":{\"width\":193},\"type\":\"SINGLE_LINE_TEXT\",\"var\":\"deveui\",\"label\":\"deveui\"}]},{\"id\":null,\"type\":\"ROW\",\"isSubTable\":false,\"var\":null,\"controlList\":[{\"isVirtical\":true,\"styleMap\":{\"width\":193},\"type\":\"DECIMAL\",\"var\":\"prsp\",\"label\":\"prsp\"},{\"isVirtical\":true,\"styleMap\":{\"width\":193},\"type\":\"DECIMAL\",\"var\":\"tmpc\",\"label\":\"tmpc\"}]}]","revision":null},"iconMeta":null,"info":{"code":null,"decimalPrecision":"16","decimalScale":"4","description":"\u003Cdiv\u003E\u003Cbr /\u003E\u003C/div\u003E","enableBulkDeletion":"false","fiscalYearStartMonth":"4","iconKey":"APP70","iconType":"PRESET","jsFiles":null,"jsScope":"ALL","name":"IoTテンプレートアプリ","roundingMode":"HALF_EVEN","theme":"PLAIN","titleComponentLocalId":null,"useComment":"true","useHistory":"true","useThumbnail":"true"},"jsFiles":[],"notification":{"appNotifications":[{"events":["RECORD_COMMENT_ADDED"],"target":{"entityId":"5545110","entityType":"FIELD_ENTITY","includeSubs":"false"}},{"events":["RECORD_COMMENT_ADDED"],"target":{"entityId":"5545111","entityType":"FIELD_ENTITY","includeSubs":"false"}}],"recordNotifications":[],"reminderTimezone":null,"reminders":[],"useComment":"true","useReminder":"false"},"plugin":{"pluginIds":[]},"reports":[{"advancedMode":"false","filter":{"category":null,"offset":null,"order":[],"q":null,"size":null,"sort":[]},"isAborted":null,"name":"時系列グラフ（時間平均：折線）","processType":null,"report":"5598424","reportType":"SUBTOTAL","revision":null,"settings":"{\"groups\":[{\"id\":\"5598417\",\"op\":\"YEAR_MONTH_DAY_HOUR\"}],\"summaries\":[{\"op\":\"AVERAGE\",\"id\":\"5598420\"},{\"op\":\"AVERAGE\",\"id\":\"5598421\"}],\"chartType\":\"line\",\"sort\":[\"g0\"],\"order\":[\"ASC\"]}","tallyPeriod":null,"tallyStartDateTime":null}],"resource":{"tables":[{"rows":[{"fields":[],"objectId":"0","subObjectId":"-1"}],"type":"AppName"},{"rows":[{"fields":[],"objectId":"0","subObjectId":"-1"}],"type":"AppDescription"},{"rows":[{"fields":[],"objectId":"5545109","subObjectId":"-1"},{"fields":[],"objectId":"5545110","subObjectId":"-1"},{"fields":[],"objectId":"5545111","subObjectId":"-1"},{"fields":[],"objectId":"5545112","subObjectId":"-1"},{"fields":[],"objectId":"5545113","subObjectId":"-1"},{"fields":[],"objectId":"5545114","subObjectId":"-1"},{"fields":[],"objectId":"5545115","subObjectId":"-1"},{"fields":[],"objectId":"5545116","subObjectId":"-1"},{"fields":[],"objectId":"5598417","subObjectId":"-1"},{"fields":[],"objectId":"5598418","subObjectId":"-1"},{"fields":[],"objectId":"5598419","subObjectId":"-1"},{"fields":[],"objectId":"5598420","subObjectId":"-1"},{"fields":[],"objectId":"5598421","subObjectId":"-1"}],"type":"FieldLabel"},{"rows":[{"fields":[],"objectId":"20","subObjectId":"-1"}],"type":"ViewName"},{"rows":[{"fields":[],"objectId":"5598424","subObjectId":"-1"}],"type":"ReportName"}]},"schema":{"groups":[],"revision":null,"subTable":{},"table":{"fieldList":{"5545109":{"id":"5545109","label":"レコード番号","properties":{"noLabel":"false","required":"true"},"type":"RECORD_ID","var":"レコード番号"},"5545110":{"id":"5545110","label":"更新者","properties":{"noLabel":"false","required":"true"},"type":"MODIFIER","var":"更新者"},"5545111":{"id":"5545111","label":"作成者","properties":{"noLabel":"false","required":"true"},"type":"CREATOR","var":"作成者"},"5545112":{"id":"5545112","label":"更新日時","properties":{"noLabel":"false","required":"true"},"type":"MODIFIED_AT","var":"更新日時"},"5545113":{"id":"5545113","label":"作成日時","properties":{"noLabel":"false","required":"true"},"type":"CREATED_AT","var":"作成日時"},"5545114":{"id":"5545114","label":"ステータス","properties":{"noLabel":"false","required":"false"},"type":"STATUS","var":"ステータス"},"5545115":{"id":"5545115","label":"作業者","properties":{"noLabel":"false","required":"false"},"type":"STATUS_ASSIGNEE","var":"作業者"},"5545116":{"id":"5545116","label":"カテゴリー","properties":{"noLabel":"false","required":"false"},"type":"CATEGORY","var":"カテゴリー"},"5598417":{"id":"5598417","label":"date","properties":{"defaultExpression":null,"defaultValue":null,"noLabel":"false","required":"false","unique":"false"},"type":"DATETIME","var":"date"},"5598418":{"id":"5598418","label":"label","properties":{"defaultValue":"","expression":"","hideExpression":"false","max":null,"min":null,"noLabel":"false","required":"false","unique":"false"},"type":"SINGLE_LINE_TEXT","var":"label"},"5598419":{"id":"5598419","label":"deveui","properties":{"defaultValue":"","expression":"","hideExpression":"false","max":null,"min":null,"noLabel":"false","required":"false","unique":"false"},"type":"SINGLE_LINE_TEXT","var":"deveui"},"5598420":{"id":"5598420","label":"prsp","properties":{"defaultValue":null,"digit":"false","displayScale":null,"max":null,"min":null,"noLabel":"false","required":"false","roundingMode":null,"scale":null,"unique":"false","unit":"","unitPosition":"BEFORE"},"type":"DECIMAL","var":"prsp"},"5598421":{"id":"5598421","label":"tmpc","properties":{"defaultValue":null,"digit":"false","displayScale":null,"max":null,"min":null,"noLabel":"false","required":"false","roundingMode":null,"scale":null,"unique":"false","unit":"","unitPosition":"BEFORE"},"type":"DECIMAL","var":"tmpc"}},"id":"1","label":"__ROOT__","var":"__ROOT__"}},"status":{"actions":[],"filters":[],"initialStateId":null,"states":[],"useStatus":"false"},"uuid":"6c14af54-d405-461a-8c6c-2dc6e48e98a4","views":[{"advancedMode":null,"builtinType":"ALL","fields":[{"row":[{"id":"5545109"},{"id":"5598417"},{"id":"5598418"},{"id":"5598419"},{"id":"5598420"},{"id":"5598421"}]}],"filter":{"category":null,"offset":null,"order":[],"q":null,"size":null,"sort":[]},"html":null,"keyFieldId":null,"name":"（すべて）","pager":null,"revision":null,"titleFieldId":null,"view":"20","viewType":"LIST"}]}],"description":"","iconKey":"APP70","iconMeta":null,"iconSrcAppId":"6c14af54-d405-461a-8c6c-2dc6e48e98a4","iconType":"PRESET","imagesMeta":[],"lookups":[],"name":"IoTテンプレートアプリ","references":[],"version":"23"}